INSERT INTO users (user_id, username, email, status) VALUES
('a1b2c3d4-e5f6-11ee-0000-000000000001', 'Olivia Johnson', 'olivia.johnson@example.com', 'ONLINE'),
('a1b2c3d4-e5f6-11ee-0000-000000000002', 'Liam Smith', 'liam.smith@example.com', 'AWAY'),
    ('a1b2c3d4-e5f6-11ee-0000-000000000003', 'Emma Williams', 'emma.williams@example.com', 'OFFLINE'),
('a1b2c3d4-e5f6-11ee-0000-000000000004', 'Noah Brown', 'noah.brown@example.com', 'DO_NOT_DISTURB'),
('a1b2c3d4-e5f6-11ee-0000-000000000005', 'Ava Jones', 'ava.jones@example.com', 'ONLINE'),
('a1b2c3d4-e5f6-11ee-0000-000000000006', 'Elijah Garcia', 'elijah.garcia@example.com', 'AWAY'),
('a1b2c3d4-e5f6-11ee-0000-000000000007', 'Sophia Martinez', 'sophia.martinez@example.com', 'OFFLINE'),
('a1b2c3d4-e5f6-11ee-0000-000000000008', 'William Rodriguez', 'william.rodriguez@example.com', 'DO_NOT_DISTURB'),
('a1b2c3d4-e5f6-11ee-0000-000000000009', 'Isabella Hernandez', 'isabella.hernandez@example.com', 'ONLINE'),
('a1b2c3d4-e5f6-11ee-0000-000000000010', 'James Lopez', 'james.lopez@example.com', 'AWAY'),
('a1b2c3d4-e5f6-11ee-0000-000000000011', 'Mia Gonzalez', 'mia.gonzalez@example.com', 'OFFLINE'),
('a1b2c3d4-e5f6-11ee-0000-000000000012', 'Benjamin Wilson', 'benjamin.wilson@example.com', 'DO_NOT_DISTURB'),
('a1b2c3d4-e5f6-11ee-0000-000000000013', 'Charlotte Anderson', 'charlotte.anderson@example.com', 'ONLINE'),
('a1b2c3d4-e5f6-11ee-0000-000000000014', 'Lucas Thomas', 'lucas.thomas@example.com', 'AWAY'),
('a1b2c3d4-e5f6-11ee-0000-000000000015', 'Amelia Taylor', 'amelia.taylor@example.com', 'OFFLINE'),
('a1b2c3d4-e5f6-11ee-0000-000000000016', 'Henry Moore', 'henry.moore@example.com', 'DO_NOT_DISTURB'),
('a1b2c3d4-e5f6-11ee-0000-000000000017', 'Evelyn Jackson', 'evelyn.jackson@example.com', 'ONLINE'),
('a1b2c3d4-e5f6-11ee-0000-000000000018', 'Alexander Martin', 'alexander.martin@example.com', 'AWAY'),
('a1b2c3d4-e5f6-11ee-0000-000000000019', 'Harper Lee', 'harper.lee@example.com', 'OFFLINE'),
('a1b2c3d4-e5f6-11ee-0000-000000000020', 'Daniel Perez', 'daniel.perez@example.com', 'DO_NOT_DISTURB'),
('a1b2c3d4-e5f6-11ee-0000-000000000021', 'Abigail White', 'abigail.white@example.com', 'ONLINE'),
('a1b2c3d4-e5f6-11ee-0000-000000000022', 'Matthew Harris', 'matthew.harris@example.com', 'AWAY'),
('a1b2c3d4-e5f6-11ee-0000-000000000023', 'Emily Clark', 'emily.clark@example.com', 'OFFLINE'),
('a1b2c3d4-e5f6-11ee-0000-000000000024', 'Joseph Lewis', 'joseph.lewis@example.com', 'DO_NOT_DISTURB'),
('a1b2c3d4-e5f6-11ee-0000-000000000025', 'Ella Robinson', 'ella.robinson@example.com', 'ONLINE'),
('a1b2c3d4-e5f6-11ee-0000-000000000026', 'Samuel Walker', 'samuel.walker@example.com', 'AWAY'),
('a1b2c3d4-e5f6-11ee-0000-000000000027', 'Avery Hall', 'avery.hall@example.com', 'OFFLINE'),
('a1b2c3d4-e5f6-11ee-0000-000000000028', 'David Allen', 'david.allen@example.com', 'DO_NOT_DISTURB'),
('a1b2c3d4-e5f6-11ee-0000-000000000029', 'Scarlett Young', 'scarlett.young@example.com', 'ONLINE'),
('a1b2c3d4-e5f6-11ee-0000-000000000030', 'Christopher King', 'christopher.king@example.com', 'AWAY'),
('a1b2c3d4-e5f6-11ee-0000-000000000031', 'Madison Scott', 'madison.scott@example.com', 'OFFLINE'),
('a1b2c3d4-e5f6-11ee-0000-000000000032', 'Daniela Green', 'daniela.green@example.com', 'DO_NOT_DISTURB'),
('a1b2c3d4-e5f6-11ee-0000-000000000033', 'Jackson Adams', 'jackson.adams@example.com', 'ONLINE'),
('a1b2c3d4-e5f6-11ee-0000-000000000034', 'Victoria Baker', 'victoria.baker@example.com', 'AWAY'),
('a1b2c3d4-e5f6-11ee-0000-000000000035', 'Anthony Gonzalez', 'anthony.gonzalez@example.com', 'OFFLINE'),
('a1b2c3d4-e5f6-11ee-0000-000000000036', 'Sofia Nelson', 'sofia.nelson@example.com', 'DO_NOT_DISTURB'),
('a1b2c3d4-e5f6-11ee-0000-000000000037', 'Andrew Carter', 'andrew.carter@example.com', 'ONLINE'),
('a1b2c3d4-e5f6-11ee-0000-000000000038', 'Chloe Mitchell', 'chloe.mitchell@example.com', 'AWAY'),
('a1b2c3d4-e5f6-11ee-0000-000000000039', 'Nathan Perez', 'nathan.perez@example.com', 'OFFLINE'),
('a1b2c3d4-e5f6-11ee-0000-000000000040', 'Lillian Roberts', 'lillian.roberts@example.com', 'DO_NOT_DISTURB'),
('a1b2c3d4-e5f6-11ee-0000-000000000041', 'Christopher Turner', 'christopher.turner@example.com', 'ONLINE'),
('a1b2c3d4-e5f6-11ee-0000-000000000042', 'Hannah Phillips', 'hannah.phillips@example.com', 'AWAY'),
('a1b2c3d4-e5f6-11ee-0000-000000000043', 'Joshua Campbell', 'joshua.campbell@example.com', 'OFFLINE'),
('a1b2c3d4-e5f6-11ee-0000-000000000044', 'Aubrey Parker', 'aubrey.parker@example.com', 'DO_NOT_DISTURB'),
('a1b2c3d4-e5f6-11ee-0000-000000000045', 'Ryan Evans', 'ryan.evans@example.com', 'ONLINE'),
('a1b2c3d4-e5f6-11ee-0000-000000000046', 'Lily Edwards', 'lily.edwards@example.com', 'AWAY'),
('a1b2c3d4-e5f6-11ee-0000-000000000047', 'Jonathan Collins', 'jonathan.collins@example.com', 'OFFLINE'),
('a1b2c3d4-e5f6-11ee-0000-000000000048', 'Grace Stewart', 'grace.stewart@example.com', 'DO_NOT_DISTURB'),
('a1b2c3d4-e5f6-11ee-0000-000000000049', 'Adam Sanchez', 'adam.sanchez@example.com', 'ONLINE'),
('a1b2c3d4-e5f6-11ee-0000-000000000050', 'Zoe Morris', 'zoe.morris@example.com', 'AWAY');

INSERT INTO chat_room (room_id, type, created_by, created_at, is_active, group_name, is_permanent, image_path, expires_at)
VALUES
-- SINGLE Rooms
('11111111-1111-1111-1111-111111110001', 'SINGLE', 'a1b2c3d4-e5f6-11ee-0000-000000000001', NOW(), true, 'Chat with User2', true, NULL, NULL),
('11111111-1111-1111-1111-111111110002', 'SINGLE', 'a1b2c3d4-e5f6-11ee-0000-000000000002', NOW(), true, 'Chat with User3', true, NULL, NULL),
('11111111-1111-1111-1111-111111110003', 'SINGLE', 'a1b2c3d4-e5f6-11ee-0000-000000000003', NOW(), true, 'Chat with User4', true, NULL, NULL),
('11111111-1111-1111-1111-111111110004', 'SINGLE', 'a1b2c3d4-e5f6-11ee-0000-000000000004', NOW(), true, 'Chat with User5', true, NULL, NULL),
('11111111-1111-1111-1111-111111110005', 'SINGLE', 'a1b2c3d4-e5f6-11ee-0000-000000000006', NOW(), true, 'Chat with User6', true, NULL, NULL),
('11111111-1111-1111-1111-111111110006', 'SINGLE', 'a1b2c3d4-e5f6-11ee-0000-000000000007', NOW(), true, 'Chat with User7', true, NULL, NULL),
('11111111-1111-1111-1111-111111110007', 'SINGLE', 'a1b2c3d4-e5f6-11ee-0000-000000000008', NOW(), true, 'Chat with User8', true, NULL, NULL),

-- GROUP Rooms
('11111111-1111-1111-1111-111111111000', 'GROUP', 'a1b2c3d4-e5f6-11ee-0000-000000000001', NOW(), true, 'Engineering Team', true, NULL, NULL),
('11111111-1111-1111-1111-111111111001', 'GROUP', 'a1b2c3d4-e5f6-11ee-0000-000000000009', NOW(), true, 'Engineering Team', true, NULL, NULL),
('11111111-1111-1111-1111-111111111002', 'GROUP', 'a1b2c3d4-e5f6-11ee-0000-000000000010', NOW(), true, 'QA Discussion Room', false, NULL, NULL),
('11111111-1111-1111-1111-111111111003', 'GROUP', 'a1b2c3d4-e5f6-11ee-0000-000000000011', NOW(), true, 'Product Managers', true, NULL, NULL),
('11111111-1111-1111-1111-111111111004', 'GROUP', 'a1b2c3d4-e5f6-11ee-0000-000000000012', NOW(), true, 'Support Team', false, NULL, NULL),
('11111111-1111-1111-1111-111111111005', 'GROUP', 'a1b2c3d4-e5f6-11ee-0000-000000000013', NOW(), true, 'Marketing Chat', true, NULL, NULL),
('11111111-1111-1111-1111-111111111006', 'GROUP', 'a1b2c3d4-e5f6-11ee-0000-000000000014', NOW(), true, 'Designers Hangout', false, NULL, NULL),
('11111111-1111-1111-1111-111111111007', 'GROUP', 'a1b2c3d4-e5f6-11ee-0000-000000000015', NOW(), true, 'DevOps Team', true, NULL, NULL),
('11111111-1111-1111-1111-111111111008', 'GROUP', 'a1b2c3d4-e5f6-11ee-0000-000000000016', NOW(), true, 'HR Team', false, NULL, NULL),

-- TEMPORARY Rooms
('11111111-1111-1111-1111-111111112000', 'TEMPORARY', 'a1b2c3d4-e5f6-11ee-0000-000000000001', NOW(), true, 'Temp Room 1', false, NULL, NOW() + interval '24 hours'),
('11111111-1111-1111-1111-111111112001', 'TEMPORARY', 'a1b2c3d4-e5f6-11ee-0000-000000000017', NOW(), true, 'Temp Room 1', false, NULL, NOW() + interval '24 hours'),
('11111111-1111-1111-1111-111111112002', 'TEMPORARY', 'a1b2c3d4-e5f6-11ee-0000-000000000018', NOW(), true, 'Temp Room 2', false, NULL, NOW() + interval '24 hours'),
('11111111-1111-1111-1111-111111112003', 'TEMPORARY', 'a1b2c3d4-e5f6-11ee-0000-000000000019', NOW(), true, 'Temp Room 3', false, NULL, NOW() + interval '24 hours'),
('11111111-1111-1111-1111-111111112004', 'TEMPORARY', 'a1b2c3d4-e5f6-11ee-0000-000000000020', NOW(), true, 'Temp Room 4', false, NULL, NOW() + interval '24 hours'),
('11111111-1111-1111-1111-111111112005', 'TEMPORARY', 'a1b2c3d4-e5f6-11ee-0000-000000000021', NOW(), true, 'Temp Room 5', false, NULL, NOW() + interval '24 hours');


-- GROUP Rooms Participants
-- Engineering Team (room 11111111-1111-1111-1111-111111111001)
INSERT INTO chat_room_participant (room_id, user_id) VALUES
  ('11111111-1111-1111-1111-111111110001', 'a1b2c3d4-e5f6-11ee-0000-000000000009'),
  ('11111111-1111-1111-1111-111111111001', 'a1b2c3d4-e5f6-11ee-0000-000000000021'),
  ('11111111-1111-1111-1111-111111111001', 'a1b2c3d4-e5f6-11ee-0000-000000000022');

-- QA Discussion Room (room 11111111-1111-1111-1111-111111111002)
INSERT INTO chat_room_participant (room_id, user_id) VALUES
  ('11111111-1111-1111-1111-111111111002', 'a1b2c3d4-e5f6-11ee-0000-000000000010'),
  ('11111111-1111-1111-1111-111111111002', 'a1b2c3d4-e5f6-11ee-0000-000000000023'),
  ('11111111-1111-1111-1111-111111111002', 'a1b2c3d4-e5f6-11ee-0000-000000000024');

-- Product Managers (room 11111111-1111-1111-1111-111111111003)
INSERT INTO chat_room_participant (room_id, user_id) VALUES
  ('11111111-1111-1111-1111-111111111003', 'a1b2c3d4-e5f6-11ee-0000-000000000011'),
  ('11111111-1111-1111-1111-111111111003', 'a1b2c3d4-e5f6-11ee-0000-000000000025'),
  ('11111111-1111-1111-1111-111111111003', 'a1b2c3d4-e5f6-11ee-0000-000000000026');

-- Support Team (room 11111111-1111-1111-1111-111111111004)
INSERT INTO chat_room_participant (room_id, user_id) VALUES
  ('11111111-1111-1111-1111-111111111004', 'a1b2c3d4-e5f6-11ee-0000-000000000012'),
  ('11111111-1111-1111-1111-111111111004', 'a1b2c3d4-e5f6-11ee-0000-000000000027'),
  ('11111111-1111-1111-1111-111111111004', 'a1b2c3d4-e5f6-11ee-0000-000000000028');

-- Marketing Chat (room 11111111-1111-1111-1111-111111111005)
INSERT INTO chat_room_participant (room_id, user_id) VALUES
  ('11111111-1111-1111-1111-111111111005', 'a1b2c3d4-e5f6-11ee-0000-000000000013'),
  ('11111111-1111-1111-1111-111111111005', 'a1b2c3d4-e5f6-11ee-0000-000000000029'),
  ('11111111-1111-1111-1111-111111111005', 'a1b2c3d4-e5f6-11ee-0000-000000000030');

-- Designers Hangout (room 11111111-1111-1111-1111-111111111006)
INSERT INTO chat_room_participant (room_id, user_id) VALUES
  ('11111111-1111-1111-1111-111111111006', 'a1b2c3d4-e5f6-11ee-0000-000000000014'),
  ('11111111-1111-1111-1111-111111111006', 'a1b2c3d4-e5f6-11ee-0000-000000000031'),
  ('11111111-1111-1111-1111-111111111006', 'a1b2c3d4-e5f6-11ee-0000-000000000032');

-- DevOps Team (room 11111111-1111-1111-1111-111111111007)
INSERT INTO chat_room_participant (room_id, user_id) VALUES
  ('11111111-1111-1111-1111-111111111007', 'a1b2c3d4-e5f6-11ee-0000-000000000015'),
  ('11111111-1111-1111-1111-111111111007', 'a1b2c3d4-e5f6-11ee-0000-000000000033'),
  ('11111111-1111-1111-1111-111111111007', 'a1b2c3d4-e5f6-11ee-0000-000000000034');

-- HR Team (room 11111111-1111-1111-1111-111111111008)
INSERT INTO chat_room_participant (room_id, user_id) VALUES
  ('11111111-1111-1111-1111-111111111008', 'a1b2c3d4-e5f6-11ee-0000-000000000016'),
  ('11111111-1111-1111-1111-111111111008', 'a1b2c3d4-e5f6-11ee-0000-000000000035'),
  ('11111111-1111-1111-1111-111111111008', 'a1b2c3d4-e5f6-11ee-0000-000000000036');

-- TEMPORARY Rooms Participants
-- Temp Room 1
INSERT INTO chat_room_participant (room_id, user_id) VALUES
  ('11111111-1111-1111-1111-111111112001', 'a1b2c3d4-e5f6-11ee-0000-000000000017'),
  ('11111111-1111-1111-1111-111111112001', 'a1b2c3d4-e5f6-11ee-0000-000000000037');

-- Temp Room 2
INSERT INTO chat_room_participant (room_id, user_id) VALUES
  ('11111111-1111-1111-1111-111111112002', 'a1b2c3d4-e5f6-11ee-0000-000000000018'),
  ('11111111-1111-1111-1111-111111112002', 'a1b2c3d4-e5f6-11ee-0000-000000000038');

-- Temp Room 3
INSERT INTO chat_room_participant (room_id, user_id) VALUES
  ('11111111-1111-1111-1111-111111112003', 'a1b2c3d4-e5f6-11ee-0000-000000000019'),
  ('11111111-1111-1111-1111-111111112003', 'a1b2c3d4-e5f6-11ee-0000-000000000039');

-- Temp Room 4
INSERT INTO chat_room_participant (room_id, user_id) VALUES
  ('11111111-1111-1111-1111-111111112004', 'a1b2c3d4-e5f6-11ee-0000-000000000020'),
  ('11111111-1111-1111-1111-111111112004', 'a1b2c3d4-e5f6-11ee-0000-000000000040');

-- Temp Room 5
INSERT INTO chat_room_participant (room_id, user_id) VALUES
  ('11111111-1111-1111-1111-111111112005', 'a1b2c3d4-e5f6-11ee-0000-000000000021'),
  ('11111111-1111-1111-1111-111111112005', 'a1b2c3d4-e5f6-11ee-0000-000000000041');

-- GROUP Rooms — Add user 000000000001 as participant
-- Engineering Team (room 11111111-1111-1111-1111-111111111001)
INSERT INTO chat_room_participant (room_id, user_id) VALUES
  ('11111111-1111-1111-1111-111111111001', 'a1b2c3d4-e5f6-11ee-0000-000000000001');

-- QA Discussion Room (room 11111111-1111-1111-1111-111111111002)
INSERT INTO chat_room_participant (room_id, user_id) VALUES
  ('11111111-1111-1111-1111-111111111002', 'a1b2c3d4-e5f6-11ee-0000-000000000001');

-- Product Managers (room 11111111-1111-1111-1111-111111111003)
INSERT INTO chat_room_participant (room_id, user_id) VALUES
  ('11111111-1111-1111-1111-111111111003', 'a1b2c3d4-e5f6-11ee-0000-000000000001');

-- Support Team (room 11111111-1111-1111-1111-111111111004)
INSERT INTO chat_room_participant (room_id, user_id) VALUES
  ('11111111-1111-1111-1111-111111111004', 'a1b2c3d4-e5f6-11ee-0000-000000000001');

-- Marketing Chat (room 11111111-1111-1111-1111-111111111005)
INSERT INTO chat_room_participant (room_id, user_id) VALUES
  ('11111111-1111-1111-1111-111111111005', 'a1b2c3d4-e5f6-11ee-0000-000000000001');

-- Designers Hangout (room 11111111-1111-1111-1111-111111111006)
INSERT INTO chat_room_participant (room_id, user_id) VALUES
  ('11111111-1111-1111-1111-111111111006', 'a1b2c3d4-e5f6-11ee-0000-000000000001');

-- DevOps Team (room 11111111-1111-1111-1111-111111111007)
INSERT INTO chat_room_participant (room_id, user_id) VALUES
  ('11111111-1111-1111-1111-111111111007', 'a1b2c3d4-e5f6-11ee-0000-000000000001');

-- HR Team (room 11111111-1111-1111-1111-111111111008)
INSERT INTO chat_room_participant (room_id, user_id) VALUES
  ('11111111-1111-1111-1111-111111111008', 'a1b2c3d4-e5f6-11ee-0000-000000000001');

-- TEMPORARY Rooms Participants
-- Temp Room 1 (room 11111111-1111-1111-1111-111111112001)
INSERT INTO chat_room_participant (room_id, user_id) VALUES
  ('11111111-1111-1111-1111-111111112001', 'a1b2c3d4-e5f6-11ee-0000-000000000001');

-- Temp Room 2 (room 11111111-1111-1111-1111-111111112002)
INSERT INTO chat_room_participant (room_id, user_id) VALUES
  ('11111111-1111-1111-1111-111111112002', 'a1b2c3d4-e5f6-11ee-0000-000000000001');

-- Temp Room 3 (room 11111111-1111-1111-1111-111111112003)
INSERT INTO chat_room_participant (room_id, user_id) VALUES
  ('11111111-1111-1111-1111-111111112003', 'a1b2c3d4-e5f6-11ee-0000-000000000001');

-- Temp Room 4 (room 11111111-1111-1111-1111-111111112004)
INSERT INTO chat_room_participant (room_id, user_id) VALUES
  ('11111111-1111-1111-1111-111111112004', 'a1b2c3d4-e5f6-11ee-0000-000000000001');

-- Temp Room 5 (room 11111111-1111-1111-1111-111111112005)
INSERT INTO chat_room_participant (room_id, user_id) VALUES
  ('11111111-1111-1111-1111-111111112005', 'a1b2c3d4-e5f6-11ee-0000-000000000001');


-- GROUP Rooms — Add user 000000000001 as participant
-- Engineering Team (room 11111111-1111-1111-1111-111111111001)
INSERT INTO chat_room_admin (room_id, user_id) VALUES
  ('11111111-1111-1111-1111-111111111001', 'a1b2c3d4-e5f6-11ee-0000-000000000001');

-- QA Discussion Room (room 11111111-1111-1111-1111-111111111002)
INSERT INTO chat_room_admin (room_id, user_id) VALUES
  ('11111111-1111-1111-1111-111111111002', 'a1b2c3d4-e5f6-11ee-0000-000000000001');

-- Product Managers (room 11111111-1111-1111-1111-111111111003)
INSERT INTO chat_room_admin (room_id, user_id) VALUES
  ('11111111-1111-1111-1111-111111111003', 'a1b2c3d4-e5f6-11ee-0000-000000000001');

-- Support Team (room 11111111-1111-1111-1111-111111111004)
INSERT INTO chat_room_admin (room_id, user_id) VALUES
  ('11111111-1111-1111-1111-111111111004', 'a1b2c3d4-e5f6-11ee-0000-000000000001');

-- Marketing Chat (room 11111111-1111-1111-1111-111111111005)
INSERT INTO chat_room_admin (room_id, user_id) VALUES
  ('11111111-1111-1111-1111-111111111005', 'a1b2c3d4-e5f6-11ee-0000-000000000001');

-- Designers Hangout (room 11111111-1111-1111-1111-111111111006)
INSERT INTO chat_room_admin (room_id, user_id) VALUES
  ('11111111-1111-1111-1111-111111111006', 'a1b2c3d4-e5f6-11ee-0000-000000000001');

-- DevOps Team (room 11111111-1111-1111-1111-111111111007)
INSERT INTO chat_room_admin (room_id, user_id) VALUES
  ('11111111-1111-1111-1111-111111111007', 'a1b2c3d4-e5f6-11ee-0000-000000000001');

-- HR Team (room 11111111-1111-1111-1111-111111111008)
INSERT INTO chat_room_admin (room_id, user_id) VALUES
  ('11111111-1111-1111-1111-111111111008', 'a1b2c3d4-e5f6-11ee-0000-000000000001');

-- TEMPORARY Rooms Participants
-- Temp Room 1 (room 11111111-1111-1111-1111-111111112001)
INSERT INTO chat_room_admin (room_id, user_id) VALUES
  ('11111111-1111-1111-1111-111111112001', 'a1b2c3d4-e5f6-11ee-0000-000000000001');

-- Temp Room 2 (room 11111111-1111-1111-1111-111111112002)
INSERT INTO chat_room_admin (room_id, user_id) VALUES
  ('11111111-1111-1111-1111-111111112002', 'a1b2c3d4-e5f6-11ee-0000-000000000001');

-- Temp Room 3 (room 11111111-1111-1111-1111-111111112003)
INSERT INTO chat_room_admin (room_id, user_id) VALUES
  ('11111111-1111-1111-1111-111111112003', 'a1b2c3d4-e5f6-11ee-0000-000000000001');

-- Temp Room 4 (room 11111111-1111-1111-1111-111111112004)
INSERT INTO chat_room_admin (room_id, user_id) VALUES
  ('11111111-1111-1111-1111-111111112004', 'a1b2c3d4-e5f6-11ee-0000-000000000001');

-- Temp Room 5 (room 11111111-1111-1111-1111-111111112005)
INSERT INTO chat_room_admin (room_id, user_id) VALUES
  ('11111111-1111-1111-1111-111111112005', 'a1b2c3d4-e5f6-11ee-0000-000000000001');

-- Messages for Engineering Team (room 11111111-1111-1111-1111-111111111001)
INSERT INTO message (message_id, room_id, sender_id, content, type, sent_at, status) VALUES
  (gen_random_uuid(), '11111111-1111-1111-1111-111111111001', 'a1b2c3d4-e5f6-11ee-0000-000000000001', 'Hello team, welcome!', 'TEXT', NOW(), 'SENT'),
  (gen_random_uuid(), '11111111-1111-1111-1111-111111111001', 'a1b2c3d4-e5f6-11ee-0000-000000000009', 'Hi, ready for the sprint planning.', 'TEXT', NOW(), 'SENT'),
  (gen_random_uuid(), '11111111-1111-1111-1111-111111111001', 'a1b2c3d4-e5f6-11ee-0000-000000000021', 'Good morning everyone!', 'TEXT', NOW(), 'SENT'),
  (gen_random_uuid(), '11111111-1111-1111-1111-111111111001', 'a1b2c3d4-e5f6-11ee-0000-000000000022', 'Hello!', 'TEXT', NOW(), 'SENT'),
  (gen_random_uuid(), '11111111-1111-1111-1111-111111111001', 'a1b2c3d4-e5f6-11ee-0000-000000000001', 'Any updates on the project?', 'TEXT', NOW(), 'SENT');

-- Messages for QA Discussion Room (room 11111111-1111-1111-1111-111111111002)
INSERT INTO message (message_id, room_id, sender_id, content, type, sent_at, status) VALUES
  (gen_random_uuid(), '11111111-1111-1111-1111-111111111002', 'a1b2c3d4-e5f6-11ee-0000-000000000010', 'QA team, start testing the new module.', 'TEXT', NOW(), 'SENT'),
  (gen_random_uuid(), '11111111-1111-1111-1111-111111111002', 'a1b2c3d4-e5f6-11ee-0000-000000000023', 'Noted, will begin now.', 'TEXT', NOW(), 'SENT'),
  (gen_random_uuid(), '11111111-1111-1111-1111-111111111002', 'a1b2c3d4-e5f6-11ee-0000-000000000024', 'Please report any critical bugs.', 'TEXT', NOW(), 'SENT'),
  (gen_random_uuid(), '11111111-1111-1111-1111-111111111002', 'a1b2c3d4-e5f6-11ee-0000-000000000001', 'On it!', 'TEXT', NOW(), 'SENT'),
  (gen_random_uuid(), '11111111-1111-1111-1111-111111111002', 'a1b2c3d4-e5f6-11ee-0000-000000000010', 'Found a minor issue, logging it.', 'TEXT', NOW(), 'SENT');

-- Messages for Product Managers (room 11111111-1111-1111-1111-111111111003)
INSERT INTO message (message_id, room_id, sender_id, content, type, sent_at, status) VALUES
  (gen_random_uuid(), '11111111-1111-1111-1111-111111111003', 'a1b2c3d4-e5f6-11ee-0000-000000000011', 'Team, review the roadmap.', 'TEXT', NOW(), 'SENT'),
  (gen_random_uuid(), '11111111-1111-1111-1111-111111111003', 'a1b2c3d4-e5f6-11ee-0000-000000000025', 'Reviewed, looks good.', 'TEXT', NOW(), 'SENT'),
  (gen_random_uuid(), '11111111-1111-1111-1111-111111111003', 'a1b2c3d4-e5f6-11ee-0000-000000000026', 'Adding notes for Q4 planning.', 'TEXT', NOW(), 'SENT'),
  (gen_random_uuid(), '11111111-1111-1111-1111-111111111003', 'a1b2c3d4-e5f6-11ee-0000-000000000001', 'Thanks everyone!', 'TEXT', NOW(), 'SENT'),
  (gen_random_uuid(), '11111111-1111-1111-1111-111111111003', 'a1b2c3d4-e5f6-11ee-0000-000000000011', 'Reminder: send weekly updates.', 'TEXT', NOW(), 'SENT');

-- Messages for Support Team (room 11111111-1111-1111-1111-111111111004)
INSERT INTO message (message_id, room_id, sender_id, content, type, sent_at, status) VALUES
  (gen_random_uuid(), '11111111-1111-1111-1111-111111111004', 'a1b2c3d4-e5f6-11ee-0000-000000000012', 'Support team, new tickets incoming.', 'TEXT', NOW(), 'SENT'),
  (gen_random_uuid(), '11111111-1111-1111-1111-111111111004', 'a1b2c3d4-e5f6-11ee-0000-000000000027', 'Acknowledged.', 'TEXT', NOW(), 'SENT'),
  (gen_random_uuid(), '11111111-1111-1111-1111-111111111004', 'a1b2c3d4-e5f6-11ee-0000-000000000028', 'Working on high-priority tickets.', 'TEXT', NOW(), 'SENT'),
  (gen_random_uuid(), '11111111-1111-1111-1111-111111111004', 'a1b2c3d4-e5f6-11ee-0000-000000000001', 'I will handle escalations.', 'TEXT', NOW(), 'SENT'),
  (gen_random_uuid(), '11111111-1111-1111-1111-111111111004', 'a1b2c3d4-e5f6-11ee-0000-000000000012', 'Ticket resolved, updating system.', 'TEXT', NOW(), 'SENT');

-- Messages for Marketing Chat (room 11111111-1111-1111-1111-111111111005)
INSERT INTO message (message_id, room_id, sender_id, content, type, sent_at, status) VALUES
  (gen_random_uuid(), '11111111-1111-1111-1111-111111111005', 'a1b2c3d4-e5f6-11ee-0000-000000000013', 'Marketing campaign ideas?', 'TEXT', NOW(), 'SENT'),
  (gen_random_uuid(), '11111111-1111-1111-1111-111111111005', 'a1b2c3d4-e5f6-11ee-0000-000000000029', 'We can do a social media push.', 'TEXT', NOW(), 'SENT'),
  (gen_random_uuid(), '11111111-1111-1111-1111-111111111005', 'a1b2c3d4-e5f6-11ee-0000-000000000030', 'Adding email marketing plan.', 'TEXT', NOW(), 'SENT'),
  (gen_random_uuid(), '11111111-1111-1111-1111-111111111005', 'a1b2c3d4-e5f6-11ee-0000-000000000001', 'Great, let’s sync tomorrow.', 'TEXT', NOW(), 'SENT'),
  (gen_random_uuid(), '11111111-1111-1111-1111-111111111005', 'a1b2c3d4-e5f6-11ee-0000-000000000013', 'Noted.', 'TEXT', NOW(), 'SENT');
